X,CH1,CH2,
Second,Volt,Volt,
-1.1999999e-01,6.80000e-02,7.00000e-02,
-1.1959999e-01,4.00000e-02,8.40000e-02,
-1.1919999e-01,4.40000e-02,7.20000e-02,
-1.1879999e-01,4.40000e-02,6.20000e-02,
-1.1839999e-01,2.80000e-02,6.20000e-02,
-1.1799999e-01,2.80000e-02,6.00000e-02,
-1.1759999e-01,2.80000e-02,4.80000e-02,
-1.1719999e-01,-4.00000e-03,5.60000e-02,
-1.1679999e-01,4.00000e-03,3.60000e-02,
-1.1639999e-01,-4.00000e-03,3.80000e-02,
-1.1599999e-01,-2.00000e-02,5.40000e-02,
-1.1559999e-01,-1.60000e-02,3.80000e-02,
-1.1519999e-01,-2.00000e-02,3.80000e-02,
-1.1479999e-01,-1.60000e-02,4.20000e-02,
-1.1439999e-01,-3.60000e-02,4.40000e-02,
-1.1399999e-01,-2.40000e-02,3.20000e-02,
-1.1359999e-01,-2.00000e-02,3.00000e-02,
-1.1319999e-01,-1.60000e-02,2.00000e-02,
-1.1279999e-01,-3.20000e-02,2.60000e-02,
-1.1239999e-01,-2.00000e-02,2.00000e-02,
-1.1199999e-01,-2.80000e-02,1.80000e-02,
-1.1159999e-01,-4.80000e-02,2.80000e-02,
-1.1119999e-01,-2.80000e-02,1.20000e-02,
-1.1079999e-01,-3.60000e-02,1.40000e-02,
-1.1039999e-01,-4.00000e-02,6.00000e-03,
-1.0999999e-01,-5.20000e-02,1.20000e-02,
-1.0959999e-01,-3.60000e-02,4.00000e-03,
-1.0919999e-01,-3.60000e-02,2.00000e-03,
-1.0879999e-01,-5.60000e-02,8.00000e-03,
-1.0839999e-01,-5.20000e-02,8.00000e-03,
-1.0799999e-01,-5.60000e-02,4.00000e-03,
-1.0759999e-01,-5.20000e-02,-2.00000e-03,
-1.0719999e-01,-3.20000e-02,-2.20000e-02,
-1.0679999e-01,-4.80000e-02,-2.00000e-02,
-1.0639999e-01,-6.00000e-02,-8.00000e-03,
-1.0599999e-01,-5.60000e-02,-1.60000e-02,
-1.0559999e-01,-5.60000e-02,-2.40000e-02,
-1.0519999e-01,-4.80000e-02,-2.40000e-02,
-1.0479999e-01,-6.80000e-02,-1.60000e-02,
-1.0439999e-01,-5.20000e-02,-3.00000e-02,
-1.0399999e-01,-6.40000e-02,-3.00000e-02,
-1.0359999e-01,-5.60000e-02,-4.60000e-02,
-1.0319999e-01,-7.20000e-02,-3.00000e-02,
-1.0279999e-01,-5.60000e-02,-4.40000e-02,
-1.0239999e-01,-7.60000e-02,-3.80000e-02,
-1.0199999e-01,-6.40000e-02,-5.20000e-02,
-1.0159999e-01,-8.00000e-02,-4.60000e-02,
-1.0119999e-01,-8.00000e-02,-5.60000e-02,
-1.0079999e-01,-7.20000e-02,-6.80000e-02,
-1.0039999e-01,-9.20000e-02,-6.40000e-02,
-9.9999987e-02,-9.20000e-02,-6.60000e-02,
-9.9599987e-02,-1.08000e-01,-6.20000e-02,
-9.9199988e-02,-1.00000e-01,-7.80000e-02,
-9.8799989e-02,-1.04000e-01,-8.20000e-02,
-9.8399989e-02,-1.32000e-01,-6.60000e-02,
-9.7999990e-02,-1.28000e-01,-7.60000e-02,
-9.7599991e-02,-1.48000e-01,-7.80000e-02,
-9.7199991e-02,-1.52000e-01,-8.20000e-02,
-9.6799992e-02,-1.48000e-01,-9.40000e-02,
-9.6399993e-02,-1.68000e-01,-9.20000e-02,
-9.5999993e-02,-1.88000e-01,-9.20000e-02,
-9.5599994e-02,-1.92000e-01,-9.20000e-02,
-9.5199987e-02,-2.24000e-01,-7.80000e-02,
-9.4799988e-02,-2.24000e-01,-9.20000e-02,
-9.4399989e-02,-2.60000e-01,-7.20000e-02,
-9.3999989e-02,-2.60000e-01,-9.20000e-02,
-9.3599990e-02,-2.72000e-01,-9.20000e-02,
-9.3199991e-02,-2.88000e-01,-9.20000e-02,
-9.2799991e-02,-2.96000e-01,-9.40000e-02,
-9.2399992e-02,-2.88000e-01,-1.08000e-01,
-9.1999993e-02,-3.04000e-01,-1.06000e-01,
-9.1599993e-02,-3.28000e-01,-9.60000e-02,
-9.1199994e-02,-3.40000e-01,-9.80000e-02,
-9.0799995e-02,-3.52000e-01,-8.80000e-02,
-9.0399988e-02,-3.52000e-01,-9.80000e-02,
-8.9999989e-02,-3.40000e-01,-1.04000e-01,
-8.9599989e-02,-3.52000e-01,-1.04000e-01,
-8.9199990e-02,-3.68000e-01,-9.20000e-02,
-8.8799991e-02,-3.68000e-01,-8.60000e-02,
-8.8399991e-02,-3.28000e-01,-1.12000e-01,
-8.7999992e-02,-3.32000e-01,-1.00000e-01,
-8.7599993e-02,-3.32000e-01,-9.60000e-02,
-8.7199993e-02,-3.28000e-01,-7.80000e-02,
-8.6799994e-02,-3.12000e-01,-8.20000e-02,
-8.6399995e-02,-2.88000e-01,-8.80000e-02,
-8.5999988e-02,-2.56000e-01,-9.80000e-02,
-8.5599989e-02,-2.44000e-01,-9.00000e-02,
-8.5199989e-02,-2.44000e-01,-8.00000e-02,
-8.4799990e-02,-2.00000e-01,-1.00000e-01,
-8.4399991e-02,-2.04000e-01,-8.60000e-02,
-8.3999991e-02,-1.88000e-01,-8.80000e-02,
-8.3599992e-02,-1.64000e-01,-8.60000e-02,
-8.3199993e-02,-1.56000e-01,-8.00000e-02,
-8.2799993e-02,-1.40000e-01,-8.40000e-02,
-8.2399994e-02,-1.20000e-01,-8.80000e-02,
-8.1999995e-02,-1.16000e-01,-7.80000e-02,
-8.1599995e-02,-1.12000e-01,-7.20000e-02,
-8.1199989e-02,-1.04000e-01,-6.60000e-02,
-8.0799989e-02,-8.80000e-02,-6.00000e-02,
-8.0399990e-02,-5.20000e-02,-7.80000e-02,
-7.9999991e-02,-5.20000e-02,-7.00000e-02,
-7.9599991e-02,-4.80000e-02,-7.00000e-02,
-7.9199992e-02,-3.60000e-02,-6.20000e-02,
-7.8799993e-02,-2.40000e-02,-7.00000e-02,
-7.8399993e-02,-2.40000e-02,-6.20000e-02,
-7.7999994e-02,-1.60000e-02,-6.20000e-02,
-7.7599995e-02,0.00000e+00,-5.80000e-02,
-7.7199996e-02,1.20000e-02,-6.40000e-02,
-7.6799996e-02,4.00000e-03,-4.80000e-02,
-7.6399989e-02,4.00000e-03,-4.20000e-02,
-7.5999990e-02,3.60000e-02,-5.20000e-02,
-7.5599991e-02,2.40000e-02,-4.80000e-02,
-7.5199991e-02,1.20000e-02,-3.80000e-02,
-7.4799992e-02,4.00000e-02,-4.80000e-02,
-7.4399993e-02,4.00000e-02,-4.40000e-02,
-7.3999994e-02,4.00000e-02,-3.60000e-02,
-7.3599994e-02,3.60000e-02,-3.40000e-02,
-7.3199995e-02,2.00000e-02,-2.20000e-02,
-7.2799996e-02,3.60000e-02,-2.40000e-02,
-7.2399996e-02,2.40000e-02,-1.60000e-02,
-7.1999989e-02,2.80000e-02,-1.80000e-02,
-7.1599990e-02,2.80000e-02,-1.00000e-02,
-7.1199991e-02,3.60000e-02,-1.20000e-02,
-7.0799991e-02,3.60000e-02,-1.00000e-02,
-7.0399992e-02,4.40000e-02,-1.60000e-02,
-6.9999993e-02,4.40000e-02,-1.20000e-02,
-6.9599994e-02,4.40000e-02,-6.00000e-03,
-6.9199994e-02,4.40000e-02,4.00000e-03,
-6.8799995e-02,4.40000e-02,4.00000e-03,
-6.8399996e-02,4.80000e-02,4.00000e-03,
-6.7999996e-02,4.00000e-02,1.00000e-02,
-6.7599997e-02,4.00000e-02,1.20000e-02,
-6.7199990e-02,6.00000e-02,1.00000e-02,
-6.6799991e-02,6.40000e-02,1.20000e-02,
-6.6399992e-02,5.20000e-02,1.40000e-02,
-6.5999992e-02,5.20000e-02,2.00000e-02,
-6.5599993e-02,5.20000e-02,2.60000e-02,
-6.5199994e-02,5.60000e-02,2.60000e-02,
-6.4799994e-02,7.60000e-02,1.80000e-02,
-6.4399995e-02,6.00000e-02,3.60000e-02,
-6.3999996e-02,6.80000e-02,3.00000e-02,
-6.3599996e-02,6.00000e-02,4.00000e-02,
-6.3199997e-02,7.60000e-02,3.40000e-02,
-6.2799990e-02,6.40000e-02,5.20000e-02,
-6.2399995e-02,8.80000e-02,3.40000e-02,
-6.1999995e-02,6.80000e-02,5.20000e-02,
-6.1599992e-02,6.80000e-02,6.60000e-02,
-6.1199993e-02,8.40000e-02,5.40000e-02,
-6.0799994e-02,8.00000e-02,6.80000e-02,
-6.0399994e-02,1.08000e-01,5.20000e-02,
-5.9999995e-02,1.16000e-01,5.60000e-02,
-5.9599996e-02,1.16000e-01,6.40000e-02,
-5.9199993e-02,1.16000e-01,7.00000e-02,
-5.8799993e-02,1.12000e-01,8.40000e-02,
-5.8399994e-02,1.36000e-01,7.20000e-02,
-5.7999995e-02,1.36000e-01,7.80000e-02,
-5.7599995e-02,1.36000e-01,8.80000e-02,
-5.7199996e-02,1.60000e-01,8.20000e-02,
-5.6799993e-02,1.76000e-01,8.20000e-02,
-5.6399994e-02,1.88000e-01,8.20000e-02,
-5.5999994e-02,2.12000e-01,7.60000e-02,
-5.5599995e-02,2.16000e-01,7.80000e-02,
-5.5199996e-02,2.24000e-01,8.20000e-02,
-5.4799996e-02,2.44000e-01,7.40000e-02,
-5.4399993e-02,2.52000e-01,8.40000e-02,
-5.3999994e-02,2.56000e-01,9.80000e-02,
-5.3599995e-02,2.76000e-01,9.00000e-02,
-5.3199995e-02,2.88000e-01,9.20000e-02,
-5.2799996e-02,3.12000e-01,8.00000e-02,
-5.2399997e-02,2.92000e-01,1.08000e-01,
-5.1999994e-02,3.16000e-01,1.02000e-01,
-5.1599994e-02,3.36000e-01,1.02000e-01,
-5.1199995e-02,3.64000e-01,8.00000e-02,
-5.0799996e-02,3.48000e-01,1.02000e-01,
-5.0399996e-02,3.56000e-01,9.80000e-02,
-4.9999993e-02,3.76000e-01,8.00000e-02,
-4.9599994e-02,3.72000e-01,9.20000e-02,
-4.9199995e-02,3.72000e-01,8.20000e-02,
-4.8799995e-02,3.80000e-01,8.00000e-02,
-4.8399996e-02,3.60000e-01,8.40000e-02,
-4.7999997e-02,3.48000e-01,9.20000e-02,
-4.7599994e-02,3.36000e-01,9.00000e-02,
-4.7199994e-02,3.20000e-01,9.20000e-02,
-4.6799995e-02,3.16000e-01,8.40000e-02,
-4.6399996e-02,2.80000e-01,9.80000e-02,
-4.5999996e-02,2.84000e-01,7.60000e-02,
-4.5599997e-02,2.64000e-01,8.20000e-02,
-4.5199994e-02,2.32000e-01,1.00000e-01,
-4.4799995e-02,2.40000e-01,7.80000e-02,
-4.4399995e-02,2.24000e-01,7.40000e-02,
-4.3999996e-02,2.00000e-01,7.60000e-02,
-4.3599997e-02,1.96000e-01,6.80000e-02,
-4.3199997e-02,1.80000e-01,6.80000e-02,
-4.2799994e-02,1.60000e-01,7.00000e-02,
-4.2399995e-02,1.36000e-01,8.00000e-02,
-4.1999996e-02,1.16000e-01,8.60000e-02,
-4.1599996e-02,1.08000e-01,8.40000e-02,
-4.1199997e-02,1.08000e-01,6.20000e-02,
-4.0799998e-02,8.80000e-02,7.40000e-02,
-4.0399995e-02,6.00000e-02,8.20000e-02,
-3.9999995e-02,5.60000e-02,7.60000e-02,
-3.9599996e-02,6.80000e-02,6.00000e-02,
-3.9199997e-02,2.80000e-02,7.60000e-02,
-3.8799997e-02,2.00000e-02,8.40000e-02,
-3.8399998e-02,3.20000e-02,6.00000e-02,
-3.7999995e-02,4.00000e-03,6.80000e-02,
-3.7599996e-02,-4.00000e-03,7.40000e-02,
-3.7199996e-02,4.00000e-03,5.80000e-02,
-3.6799997e-02,-4.00000e-03,5.60000e-02,
-3.6399998e-02,4.00000e-03,4.20000e-02,
-3.5999995e-02,-1.20000e-02,5.40000e-02,
-3.5599995e-02,-2.40000e-02,5.40000e-02,
-3.5199996e-02,-2.40000e-02,5.20000e-02,
-3.4799997e-02,-2.40000e-02,4.00000e-02,
-3.4399997e-02,-1.60000e-02,3.60000e-02,
-3.3999998e-02,-2.40000e-02,3.20000e-02,
-3.3599995e-02,-3.60000e-02,3.80000e-02,
-3.3199996e-02,-3.60000e-02,3.60000e-02,
-3.2799996e-02,-8.00000e-03,1.20000e-02,
-3.2399997e-02,-2.80000e-02,2.20000e-02,
-3.1999998e-02,-2.00000e-02,1.00000e-02,
-3.1599998e-02,-3.20000e-02,1.80000e-02,
-3.1199997e-02,-2.80000e-02,1.40000e-02,
-3.0799996e-02,-4.00000e-02,1.80000e-02,
-3.0399997e-02,-3.20000e-02,1.00000e-02,
-2.9999997e-02,-3.20000e-02,2.00000e-03,
-2.9599996e-02,-2.00000e-02,-2.00000e-03,
-2.9199997e-02,-2.40000e-02,-8.00000e-03,
-2.8799998e-02,-4.00000e-02,2.00000e-03,
-2.8399996e-02,-5.60000e-02,1.20000e-02,
-2.7999997e-02,-4.00000e-02,-8.00000e-03,
-2.7599998e-02,-3.60000e-02,-1.40000e-02,
-2.7199997e-02,-3.20000e-02,-1.80000e-02,
-2.6799997e-02,-4.40000e-02,-1.60000e-02,
-2.6399998e-02,-3.60000e-02,-2.60000e-02,
-2.5999997e-02,-5.60000e-02,-1.80000e-02,
-2.5599997e-02,-3.20000e-02,-4.00000e-02,
-2.5199998e-02,-5.60000e-02,-2.20000e-02,
-2.4799997e-02,-4.80000e-02,-3.00000e-02,
-2.4399998e-02,-6.40000e-02,-2.80000e-02,
-2.3999998e-02,-7.20000e-02,-2.60000e-02,
-2.3599997e-02,-4.00000e-02,-5.20000e-02,
-2.3199998e-02,-6.40000e-02,-3.60000e-02,
-2.2799999e-02,-7.20000e-02,-3.20000e-02,
-2.2399997e-02,-6.80000e-02,-4.40000e-02,
-2.1999998e-02,-5.20000e-02,-6.00000e-02,
-2.1599999e-02,-6.00000e-02,-5.80000e-02,
-2.1199998e-02,-8.80000e-02,-4.40000e-02,
-2.0799998e-02,-8.40000e-02,-5.20000e-02,
-2.0399999e-02,-8.80000e-02,-6.40000e-02,
-1.9999998e-02,-8.40000e-02,-7.00000e-02,
-1.9599998e-02,-1.16000e-01,-5.40000e-02,
-1.9199999e-02,-1.08000e-01,-6.60000e-02,
-1.8799998e-02,-1.12000e-01,-7.20000e-02,
-1.8399999e-02,-1.32000e-01,-7.20000e-02,
-1.7999997e-02,-1.28000e-01,-7.80000e-02,
-1.7599998e-02,-1.36000e-01,-8.40000e-02,
-1.7199999e-02,-1.52000e-01,-8.00000e-02,
-1.6799998e-02,-1.48000e-01,-9.00000e-02,
-1.6399998e-02,-1.76000e-01,-8.00000e-02,
-1.5999999e-02,-1.96000e-01,-8.00000e-02,
-1.5599999e-02,-2.20000e-01,-7.40000e-02,
-1.5199998e-02,-2.12000e-01,-8.60000e-02,
-1.4799998e-02,-2.44000e-01,-7.40000e-02,
-1.4399999e-02,-2.52000e-01,-7.60000e-02,
-1.3999999e-02,-2.68000e-01,-7.60000e-02,
-1.3599998e-02,-2.76000e-01,-8.60000e-02,
-1.3199999e-02,-2.84000e-01,-9.40000e-02,
-1.2799999e-02,-3.04000e-01,-8.60000e-02,
-1.2399998e-02,-3.08000e-01,-9.20000e-02,
-1.1999999e-02,-3.08000e-01,-1.02000e-01,
-1.1599999e-02,-3.16000e-01,-1.02000e-01,
-1.1199999e-02,-3.28000e-01,-1.02000e-01,
-1.0799999e-02,-3.44000e-01,-1.02000e-01,
-1.0399999e-02,-3.60000e-01,-9.40000e-02,
-9.9999988e-03,-3.60000e-01,-9.00000e-02,
-9.5999995e-03,-3.60000e-01,-9.20000e-02,
-9.1999993e-03,-3.68000e-01,-9.00000e-02,
-8.7999990e-03,-3.64000e-01,-9.20000e-02,
-8.3999988e-03,-3.44000e-01,-9.80000e-02,
-7.9999994e-03,-3.48000e-01,-8.60000e-02,
-7.5999992e-03,-3.36000e-01,-9.00000e-02,
-7.1999994e-03,-3.20000e-01,-8.60000e-02,
-6.7999992e-03,-2.88000e-01,-1.00000e-01,
-6.3999994e-03,-2.84000e-01,-9.40000e-02,
-5.9999996e-03,-2.60000e-01,-9.20000e-02,
-5.5999993e-03,-2.32000e-01,-1.02000e-01,
-5.1999995e-03,-2.28000e-01,-9.20000e-02,
-4.7999998e-03,-2.28000e-01,-7.60000e-02,
-4.3999995e-03,-2.04000e-01,-8.60000e-02,
-3.9999997e-03,-1.76000e-01,-8.80000e-02,
-3.5999997e-03,-1.72000e-01,-8.40000e-02,
-3.1999997e-03,-1.44000e-01,-9.00000e-02,
-2.7999997e-03,-1.36000e-01,-8.40000e-02,
-2.3999999e-03,-1.12000e-01,-9.40000e-02,
-1.9999999e-03,-1.12000e-01,-8.20000e-02,
-1.5999998e-03,-1.00000e-01,-7.40000e-02,
-1.1999999e-03,-8.40000e-02,-8.00000e-02,
-7.9999992e-04,-8.00000e-02,-7.00000e-02,
-3.9999996e-04,-4.00000e-02,-8.80000e-02,
0.0000000e+00,-6.80000e-02,-6.40000e-02,
3.9999996e-04,-5.20000e-02,-7.00000e-02,
7.9999992e-04,-4.00000e-02,-6.80000e-02,
1.1999999e-03,-4.00000e-02,-5.40000e-02,
1.5999998e-03,-2.40000e-02,-5.60000e-02,
1.9999999e-03,-8.00000e-03,-5.80000e-02,
2.3999999e-03,4.00000e-03,-6.40000e-02,
2.7999997e-03,4.00000e-03,-5.40000e-02,
3.1999997e-03,2.80000e-02,-6.80000e-02,
3.5999997e-03,2.40000e-02,-6.40000e-02,
3.9999997e-03,3.60000e-02,-5.80000e-02,
4.3999995e-03,3.60000e-02,-5.60000e-02,
4.7999998e-03,8.00000e-03,-2.80000e-02,
5.1999995e-03,3.60000e-02,-4.40000e-02,
5.5999993e-03,2.00000e-02,-3.40000e-02,
5.9999996e-03,4.40000e-02,-4.20000e-02,
6.3999994e-03,5.20000e-02,-4.40000e-02,
6.7999992e-03,4.00000e-02,-3.20000e-02,
7.1999994e-03,1.60000e-02,-1.00000e-02,
7.5999992e-03,3.60000e-02,-1.60000e-02,
7.9999994e-03,2.40000e-02,-8.00000e-03,
8.3999988e-03,3.60000e-02,-2.40000e-02,
8.7999990e-03,3.60000e-02,-1.40000e-02,
9.1999993e-03,4.00000e-02,-1.00000e-02,
9.5999995e-03,4.40000e-02,-1.00000e-02,
9.9999988e-03,4.00000e-02,0.00000e+00,
1.0399999e-02,5.20000e-02,-1.40000e-02,
1.0799999e-02,6.80000e-02,-2.20000e-02,
1.1199999e-02,4.40000e-02,8.00000e-03,
1.1599999e-02,6.80000e-02,-8.00000e-03,
1.1999999e-02,4.80000e-02,1.00000e-02,
1.2399998e-02,4.40000e-02,1.20000e-02,
1.2799999e-02,5.20000e-02,1.40000e-02,
1.3199999e-02,5.60000e-02,8.00000e-03,
1.3599998e-02,4.40000e-02,2.00000e-02,
1.3999999e-02,5.60000e-02,2.20000e-02,
1.4399999e-02,5.60000e-02,2.00000e-02,
1.4799998e-02,5.20000e-02,3.60000e-02,
1.5199998e-02,4.40000e-02,3.60000e-02,
1.5599999e-02,5.20000e-02,4.60000e-02,
1.5999999e-02,6.40000e-02,3.20000e-02,
1.6399998e-02,5.60000e-02,5.00000e-02,
1.6799998e-02,6.00000e-02,4.80000e-02,
1.7199999e-02,9.20000e-02,2.60000e-02,
1.7599998e-02,6.00000e-02,6.40000e-02,
1.7999997e-02,7.60000e-02,4.60000e-02,
1.8399999e-02,8.80000e-02,4.20000e-02,
1.8799998e-02,8.40000e-02,5.40000e-02,
1.9199999e-02,8.00000e-02,6.40000e-02,
1.9599998e-02,8.00000e-02,7.20000e-02,
1.9999998e-02,1.04000e-01,6.00000e-02,
2.0399999e-02,9.20000e-02,7.80000e-02,
2.0799998e-02,1.00000e-01,7.60000e-02,
2.1199998e-02,1.32000e-01,6.60000e-02,
2.1599999e-02,1.36000e-01,6.60000e-02,
2.1999998e-02,1.36000e-01,7.60000e-02,
2.2399997e-02,1.60000e-01,6.80000e-02,
2.2799999e-02,1.64000e-01,7.20000e-02,
2.3199998e-02,1.84000e-01,7.00000e-02,
2.3599997e-02,1.84000e-01,8.80000e-02,
2.3999998e-02,2.00000e-01,8.20000e-02,
2.4399998e-02,2.12000e-01,7.80000e-02,
2.4799997e-02,2.32000e-01,7.80000e-02,
2.5199998e-02,2.24000e-01,8.80000e-02,
2.5599997e-02,2.52000e-01,9.20000e-02,
2.5999997e-02,2.76000e-01,7.80000e-02,
2.6399998e-02,2.80000e-01,8.40000e-02,
2.6799997e-02,2.84000e-01,8.80000e-02,
2.7199997e-02,2.96000e-01,9.40000e-02,
2.7599998e-02,3.24000e-01,9.00000e-02,
2.7999997e-02,3.20000e-01,9.20000e-02,
2.8399996e-02,3.48000e-01,8.40000e-02,
2.8799998e-02,3.48000e-01,9.40000e-02,
2.9199997e-02,3.52000e-01,9.40000e-02,
2.9599996e-02,3.72000e-01,8.80000e-02,
2.9999997e-02,3.64000e-01,9.40000e-02,
3.0399997e-02,3.76000e-01,8.40000e-02,
3.0799996e-02,3.80000e-01,8.80000e-02,
3.1199997e-02,3.56000e-01,1.02000e-01,
3.1599998e-02,3.48000e-01,1.00000e-01,
3.1999998e-02,3.48000e-01,9.80000e-02,
3.2399997e-02,3.48000e-01,9.00000e-02,
3.2799996e-02,3.16000e-01,9.80000e-02,
3.3199996e-02,3.04000e-01,9.40000e-02,
3.3599995e-02,2.96000e-01,8.60000e-02,
3.3999998e-02,2.92000e-01,7.80000e-02,
3.4399997e-02,2.48000e-01,9.20000e-02,
3.4799997e-02,2.44000e-01,8.20000e-02,
3.5199996e-02,2.32000e-01,7.60000e-02,
3.5599995e-02,2.24000e-01,7.60000e-02,
3.5999995e-02,2.04000e-01,7.40000e-02,
3.6399998e-02,1.64000e-01,9.80000e-02,
3.6799997e-02,1.80000e-01,7.00000e-02,
3.7199996e-02,1.48000e-01,8.20000e-02,
3.7599996e-02,1.16000e-01,9.80000e-02,
3.7999995e-02,1.16000e-01,8.20000e-02,
3.8399998e-02,1.16000e-01,7.80000e-02,
3.8799997e-02,1.16000e-01,7.00000e-02,
3.9199997e-02,7.60000e-02,8.40000e-02,
3.9599996e-02,9.20000e-02,6.00000e-02,
3.9999995e-02,6.80000e-02,7.00000e-02,
4.0399995e-02,6.00000e-02,7.00000e-02,
4.0799998e-02,5.20000e-02,6.20000e-02,
4.1199997e-02,2.80000e-02,7.00000e-02,
4.1599996e-02,3.60000e-02,5.80000e-02,
4.1999996e-02,2.40000e-02,6.40000e-02,
4.2399995e-02,4.00000e-03,6.40000e-02,
4.2799994e-02,1.60000e-02,5.60000e-02,
4.3199997e-02,1.20000e-02,4.40000e-02,
4.3599997e-02,-8.00000e-03,5.60000e-02,
4.3999996e-02,-1.60000e-02,5.40000e-02,
4.4399995e-02,-2.00000e-02,5.00000e-02,
4.4799995e-02,-8.00000e-03,4.00000e-02,
4.5199994e-02,-1.60000e-02,4.40000e-02,
4.5599997e-02,-3.20000e-02,4.20000e-02,
4.5999996e-02,-2.00000e-02,2.40000e-02,
4.6399996e-02,-1.60000e-02,2.40000e-02,
4.6799995e-02,-1.60000e-02,2.00000e-02,
4.7199994e-02,-4.00000e-02,3.00000e-02,
4.7599994e-02,-4.00000e-02,3.20000e-02,
4.7999997e-02,-8.00000e-03,6.00000e-03,
4.8399996e-02,-3.20000e-02,2.00000e-02,
4.8799995e-02,-2.40000e-02,0.00000e+00,
4.9199995e-02,-4.00000e-02,2.00000e-02,
4.9599994e-02,-3.60000e-02,1.40000e-02,
4.9999993e-02,-3.60000e-02,1.20000e-02,
5.0399996e-02,-4.40000e-02,1.40000e-02,
5.0799996e-02,-3.60000e-02,-2.00000e-03,
5.1199995e-02,-4.00000e-02,-8.00000e-03,
5.1599994e-02,-2.80000e-02,-1.60000e-02,
5.1999994e-02,-4.40000e-02,0.00000e+00,
5.2399997e-02,-3.20000e-02,-2.20000e-02,
5.2799996e-02,-4.00000e-02,-8.00000e-03,
5.3199995e-02,-3.60000e-02,-1.60000e-02,
5.3599995e-02,-5.20000e-02,-1.00000e-02,
5.3999994e-02,-4.80000e-02,-2.00000e-02,
5.4399993e-02,-3.20000e-02,-3.00000e-02,
5.4799996e-02,-6.40000e-02,-2.20000e-02,
5.5199996e-02,-5.60000e-02,-3.20000e-02,
5.5599995e-02,-3.60000e-02,-4.40000e-02,
5.5999994e-02,-6.00000e-02,-3.20000e-02,
5.6399994e-02,-4.80000e-02,-4.80000e-02,
5.6799993e-02,-5.60000e-02,-4.60000e-02,
5.7199996e-02,-6.40000e-02,-4.20000e-02,
5.7599995e-02,-6.00000e-02,-5.00000e-02,
5.7999995e-02,-6.00000e-02,-5.20000e-02,
5.8399994e-02,-6.80000e-02,-5.80000e-02,
5.8799993e-02,-6.80000e-02,-6.60000e-02,
5.9199993e-02,-8.80000e-02,-4.80000e-02,
5.9599996e-02,-8.40000e-02,-6.40000e-02,
5.9999995e-02,-1.04000e-01,-5.40000e-02,
6.0399994e-02,-9.20000e-02,-6.20000e-02,
6.0799994e-02,-1.20000e-01,-5.80000e-02,
6.1199993e-02,-1.04000e-01,-7.60000e-02,
6.1599992e-02,-1.24000e-01,-7.20000e-02,
6.1999995e-02,-1.32000e-01,-7.80000e-02,
6.2399995e-02,-1.24000e-01,-9.20000e-02,
6.2799990e-02,-1.72000e-01,-6.60000e-02,
6.3199997e-02,-1.72000e-01,-7.80000e-02,
6.3599996e-02,-1.68000e-01,-8.40000e-02,
6.3999996e-02,-1.92000e-01,-8.60000e-02,
6.4399995e-02,-2.24000e-01,-6.80000e-02,
6.4799994e-02,-2.16000e-01,-8.60000e-02,
6.5199994e-02,-2.24000e-01,-8.80000e-02,
6.5599993e-02,-2.52000e-01,-7.60000e-02,
6.5999992e-02,-2.52000e-01,-8.80000e-02,
6.6399992e-02,-2.72000e-01,-9.00000e-02,
6.6799991e-02,-2.76000e-01,-9.20000e-02,
6.7199990e-02,-2.96000e-01,-9.00000e-02,
6.7599997e-02,-2.92000e-01,-1.04000e-01,
6.7999996e-02,-3.04000e-01,-1.00000e-01,
6.8399996e-02,-3.20000e-01,-1.00000e-01,
6.8799995e-02,-3.36000e-01,-9.20000e-02,
6.9199994e-02,-3.36000e-01,-9.80000e-02,
6.9599994e-02,-3.56000e-01,-8.80000e-02,
6.9999993e-02,-3.68000e-01,-9.00000e-02,
7.0399992e-02,-3.56000e-01,-9.80000e-02,
7.0799991e-02,-3.52000e-01,-9.40000e-02,
7.1199991e-02,-3.40000e-01,-1.02000e-01,
7.1599990e-02,-3.48000e-01,-9.60000e-02,
7.1999989e-02,-3.52000e-01,-8.60000e-02,
7.2399996e-02,-3.32000e-01,-8.60000e-02,
7.2799996e-02,-3.00000e-01,-1.04000e-01,
7.3199995e-02,-2.96000e-01,-9.80000e-02,
7.3599994e-02,-2.68000e-01,-9.80000e-02,
7.3999994e-02,-2.68000e-01,-9.60000e-02,
7.4399993e-02,-2.52000e-01,-9.00000e-02,
7.4799992e-02,-2.20000e-01,-1.02000e-01,
7.5199991e-02,-2.12000e-01,-8.80000e-02,
7.5599991e-02,-2.12000e-01,-7.40000e-02,
7.5999990e-02,-1.88000e-01,-8.20000e-02,
7.6399989e-02,-1.64000e-01,-8.20000e-02,
7.6799996e-02,-1.60000e-01,-8.20000e-02,
7.7199996e-02,-1.32000e-01,-8.60000e-02,
7.7599995e-02,-1.12000e-01,-8.60000e-02,
7.7999994e-02,-1.28000e-01,-7.40000e-02,
7.8399993e-02,-1.04000e-01,-7.80000e-02,
7.8799993e-02,-8.00000e-02,-8.40000e-02,
7.9199992e-02,-8.40000e-02,-7.00000e-02,
7.9599991e-02,-5.60000e-02,-7.80000e-02,
7.9999991e-02,-6.00000e-02,-6.60000e-02,
8.0399990e-02,-4.80000e-02,-7.00000e-02,
8.0799989e-02,-3.60000e-02,-7.00000e-02,
8.1199989e-02,-3.20000e-02,-5.80000e-02,
8.1599995e-02,-2.40000e-02,-6.20000e-02,
8.1999995e-02,-1.60000e-02,-5.40000e-02,
8.2399994e-02,4.00000e-03,-6.00000e-02,
8.2799993e-02,-4.00000e-03,-5.00000e-02,
8.3199993e-02,2.00000e-02,-6.00000e-02,
8.3599992e-02,2.00000e-02,-5.40000e-02,
8.3999991e-02,0.00000e+00,-3.60000e-02,
8.4399991e-02,2.00000e-02,-4.40000e-02,
8.4799990e-02,3.60000e-02,-5.40000e-02,
8.5199989e-02,2.00000e-02,-3.40000e-02,
8.5599989e-02,2.80000e-02,-3.80000e-02,
8.5999988e-02,2.80000e-02,-2.80000e-02,
8.6399995e-02,3.60000e-02,-3.00000e-02,
8.6799994e-02,2.80000e-02,-2.40000e-02,
8.7199993e-02,3.60000e-02,-3.00000e-02,
8.7599993e-02,4.40000e-02,-3.00000e-02,
8.7999992e-02,3.60000e-02,-2.20000e-02,
8.8399991e-02,2.00000e-02,-2.00000e-03,
8.8799991e-02,4.40000e-02,-1.60000e-02,
8.9199990e-02,5.20000e-02,-1.60000e-02,
8.9599989e-02,3.60000e-02,-6.00000e-03,
8.9999989e-02,4.00000e-02,-6.00000e-03,
9.0399988e-02,6.80000e-02,-1.60000e-02,
9.0799995e-02,5.60000e-02,-1.20000e-02,
9.1199994e-02,2.80000e-02,2.00000e-02,
9.1599993e-02,6.80000e-02,-8.00000e-03,
9.1999993e-02,5.60000e-02,2.00000e-03,
9.2399992e-02,4.00000e-02,2.20000e-02,
9.2799991e-02,6.40000e-02,4.00000e-03,
9.3199991e-02,3.60000e-02,3.20000e-02,
9.3599990e-02,5.20000e-02,2.00000e-02,
9.3999989e-02,5.20000e-02,2.20000e-02,
9.4399989e-02,4.80000e-02,2.80000e-02,
9.4799988e-02,6.00000e-02,2.00000e-02,
9.5199987e-02,6.80000e-02,2.40000e-02,
9.5599994e-02,5.20000e-02,3.80000e-02,
9.5999993e-02,6.00000e-02,3.60000e-02,
9.6399993e-02,6.00000e-02,4.20000e-02,
9.6799992e-02,6.80000e-02,3.80000e-02,
9.7199991e-02,6.00000e-02,4.40000e-02,
9.7599991e-02,6.40000e-02,5.20000e-02,
9.7999990e-02,6.40000e-02,5.40000e-02,
9.8399989e-02,8.80000e-02,5.20000e-02,
9.8799989e-02,6.40000e-02,6.40000e-02,
9.9199988e-02,1.00000e-01,4.60000e-02,
9.9599987e-02,8.80000e-02,7.00000e-02,
9.9999987e-02,1.08000e-01,5.60000e-02,
1.0039999e-01,1.00000e-01,7.20000e-02,
1.0079999e-01,1.16000e-01,6.60000e-02,
1.0119999e-01,1.16000e-01,7.60000e-02,
1.0159999e-01,1.32000e-01,7.60000e-02,
1.0199999e-01,1.36000e-01,7.80000e-02,
1.0239999e-01,1.40000e-01,8.20000e-02,
1.0279999e-01,1.64000e-01,7.20000e-02,
1.0319999e-01,1.64000e-01,8.60000e-02,
1.0359999e-01,1.92000e-01,7.60000e-02,
1.0399999e-01,2.00000e-01,7.80000e-02,
1.0439999e-01,2.20000e-01,7.80000e-02,
1.0479999e-01,2.20000e-01,8.40000e-02,
1.0519999e-01,2.44000e-01,7.60000e-02,
1.0559999e-01,2.64000e-01,7.60000e-02,
1.0599999e-01,2.84000e-01,6.80000e-02,
1.0639999e-01,2.68000e-01,9.60000e-02,
1.0679999e-01,2.88000e-01,9.40000e-02,
1.0719999e-01,3.08000e-01,8.20000e-02,
1.0759999e-01,3.16000e-01,9.20000e-02,
1.0799999e-01,3.32000e-01,9.00000e-02,
1.0839999e-01,3.32000e-01,9.20000e-02,
1.0879999e-01,3.52000e-01,8.80000e-02,
1.0919999e-01,3.44000e-01,1.02000e-01,
1.0959999e-01,3.52000e-01,9.80000e-02,
1.0999999e-01,3.80000e-01,8.00000e-02,
1.1039999e-01,3.64000e-01,1.00000e-01,
1.1079999e-01,3.80000e-01,8.80000e-02,
1.1119999e-01,3.64000e-01,9.60000e-02,
1.1159999e-01,3.48000e-01,1.08000e-01,
1.1199999e-01,3.76000e-01,7.00000e-02,
1.1239999e-01,3.48000e-01,8.40000e-02,
1.1279999e-01,3.24000e-01,9.20000e-02,
1.1319999e-01,3.28000e-01,7.40000e-02,
1.1359999e-01,3.00000e-01,8.60000e-02,
1.1399999e-01,2.76000e-01,8.80000e-02,
1.1439999e-01,2.56000e-01,9.00000e-02,
1.1479999e-01,2.40000e-01,9.00000e-02,
1.1519999e-01,2.16000e-01,9.60000e-02,
1.1559999e-01,1.96000e-01,9.80000e-02,
1.1599999e-01,1.92000e-01,9.20000e-02,
1.1639999e-01,1.92000e-01,7.60000e-02,
1.1679999e-01,1.52000e-01,9.60000e-02,
1.1719999e-01,1.52000e-01,8.20000e-02,
1.1759999e-01,1.44000e-01,7.60000e-02,
1.1799999e-01,1.16000e-01,8.20000e-02,
1.1839999e-01,1.16000e-01,7.20000e-02,
1.1879999e-01,1.08000e-01,7.60000e-02,
1.1919999e-01,1.00000e-01,6.80000e-02,
1.1959999e-01,8.00000e-02,7.60000e-02,
